z (m),p (Pa),U (m/s),T (K),H,H2,O,O2,H2O,OH,H2O2,HO2,AR,N2
0.0,101325.0,2.2863223623771054,300.0,-4.418770078122318e-18,0.02851020963457581,-5.495948828945072e-16,0.22627648869349073,1.3739221209262312e-18,7.09068655442565e-16,-1.0657401113492825e-15,-4.513956709016592e-15,-3.48443085928954e-20,0.7452133016719389
0.006,101325.0,2.2863223623771467,300.0000000000056,2.546617900510887e-21,0.028510209634575744,-4.689536791586477e-16,0.22627648869348987,6.571331806666369e-16,5.147709519180323e-18,-1.065554764095239e-15,-3.623593185104385e-15,1.1596046194580809e-19,0.7452133016719389
0.012,101325.0,2.286322362377137,300.00000000000426,-7.51647921596695e-22,0.02851020963457576,-3.99462508453723e-16,0.22627648869349012,5.876937169791138e-16,-5.493447409955406e-19,-1.0643434968377134e-15,-3.8859087334370144e-15,1.507246683281513e-18,0.7452133016719389
0.015,101325.0,2.286322362377129,300.0000000000035,-8.482271765289547e-22,0.02851020963457565,-3.696573832072804e-16,0.2262764886934903,5.483323826392869e-16,-5.926491727051336e-19,-1.0670041424608601e-15,-4.036998028795943e-15,-1.5265013198905578e-18,0.745213301671939
0.0165,101325.0,2.2863223623770415,300.00000000000324,-6.9338966373291e-22,0.028510209634571786,-3.542389198805904e-16,0.2262764886934914,5.315709464111957e-16,-5.303393663766604e-19,-1.0667089325749999e-15,-4.097548182791608e-15,-1.1872311278142427e-18,0.7452133016719418
0.018,101325.0,2.2863223623732356,300.0000000000048,-8.435658425930186e-22,0.028510209634398785,-3.408485758229359e-16,0.2262764886935377,5.127808249459365e-16,-5.661279678752336e-19,-1.0685296199512877e-15,-4.171695734591277e-15,-3.2740584188083233e-18,0.7452133016720686
0.018749999999999996,101325.0,2.2863223623091833,300.00000000006145,9.845763305027887e-22,0.028510209631476848,-3.262783168426758e-16,0.22627648869431846,5.244673117038452e-16,1.7153270811667873e-20,-1.0582542338193752e-15,-4.1233642149530115e-15,8.402578438396156e-18,0.7452133016742097
0.019124999999999996,101325.0,2.2863223617550785,300.00000000092246,-5.212874658824799e-21,0.028510209606071743,-3.2671950614295306e-16,0.2262764887011072,6.401683154352881e-16,-1.803123905295213e-18,-1.0711490562769463e-15,-4.233832707334273e-15,-8.303238828533303e-18,0.7452133016928261
0.019499999999999997,101325.0,2.2863223552040557,300.00000001871007,4.777367299287707e-21,0.028510209303086797,-1.7157421221347317e-16,0.22627648878206813,4.8542795496836776e-15,1.1476177646290183e-18,-9.967726262757125e-16,-3.733195884776062e-15,1.1143072276543053e-17,0.7452133019148451
0.019874999999999997,101325.0,2.2863222782578565,300.0000003859624,3.957617864552158e-21,0.028510205689645487,2.9156490418694427e-15,0.22627648974758022,1.325730550294204e-13,4.267454453711226e-18,9.420924141320294e-16,8.945137672708657e-15,3.957461495962955e-18,0.7452133045626289
0.020062499999999997,101325.0,2.2863219336672715,300.00000327537145,8.742671023617227e-20,0.028510189077573474,2.893895505616316e-14,0.22627649418584686,1.6063047512577894e-12,7.059041143272837e-17,2.563886345584862e-14,1.6779310441011445e-13,2.4592910867935628e-17,0.7452133167347511
0.020249999999999997,101325.0,2.286319802593686,300.00003454896375,1.5246566066962276e-18,0.028510081712888116,3.282848768225526e-13,0.22627652286287575,2.477182344935487e-11,1.7435465130507532e-15,4.5117410837793044e-13,2.874806505112354e-12,-1.2038352675664149e-17,0.7452133953958082
0.020437499999999997,101325.0,2.2863070689560425,300.0003730407996,5.3701397343609334e-17,0.028509387814806348,3.77350876637096e-12,0.22627670807600367,3.8887452404463567e-10,7.140960694042561e-14,7.789662524729313e-12,4.900662418828039e-11,-7.034254688275954e-19,0.7452139036596742
0.020531249999999997,101325.0,2.2862788359671335,300.0017892446343,9.85287586950927e-16,0.028507619367107235,1.9072171083347576e-11,0.22627717932699673,2.5794350579897624e-09,1.3705743034898725e-12,5.616074472830045e-11,3.47740127863533e-10,-1.840129171606118e-17,0.7452151983021162
0.020624999999999998,101325.0,2.2861970367309414,300.01016185954956,1.635257668273367e-14,0.02850102097914981,1.1454637047603555e-10,0.22627893114237624,2.0873664683397545e-08,2.3007876329122776e-11,4.973825060713262e-10,3.0137658216633357e-09,5.930273325244616e-17,0.7452200233560908
0.020671875,101325.0,2.286124584112029,300.02977104097243,1.1654415305024542e-13,0.02849096514798949,3.49895791416982e-10,0.22628157974270838,8.038574252417805e-08,1.6266835960695149e-10,2.061606021665926e-09,1.2143682634663191e-08,-4.104714447016847e-18,0.7452273600055903
0.020718749999999998,101325.0,2.28611637817083,300.09754748221343,7.737622247026801e-13,0.028467187051503202,1.201093301660167e-09,0.22628774725751868,3.5824780747191536e-07,1.0792098428880204e-09,9.97517797929409e-09,5.681886401598861e-08,1.8545020764508582e-17,0.7452446383680518
0.020765624999999996,101325.0,2.2866611114005724,300.33182011042084,5.158292752482182e-12,0.02841100308550894,4.280419002194741e-09,0.22630185961855961,1.6536202195135996e-06,7.128986585545853e-09,4.99752957199646e-08,2.7312617651191057e-07,1.131394172316414e-16,0.7452851491596766
0.020789062499999997,101325.0,2.2879431880696104,300.66470450615054,1.7118568317667397e-11,0.028354262072631888,8.856713098885285e-09,0.22631528161927436,4.074766676590781e-06,2.2919883795859176e-08,1.3059532262833154e-07,6.872599802519964e-07,9.340567805994132e-17,0.7453255318923995
0.020812499999999998,101325.0,2.2914822963231494,301.40606874621636,5.8064808601355065e-11,0.02825911435019917,1.9466252474099995e-08,0.22633564055186584,1.0906729185332211e-05,7.430978844203643e-08,3.735118134046831e-07,1.8893577703316312e-06,6.680671019374167e-17,0.7453919816650575
0.020824218749999998,101325.0,2.2953074194400043,302.117347790731,1.2262590156524343e-10,0.028187522723351576,3.01117687069709e-08,0.22634861832315098,1.8969507437803264e-05,1.4417320683914666e-07,6.766517930382979e-07,3.342789820512531e-06,4.892451873757095e-16,0.7454406955968532
0.0208359375,101325.0,2.3018998278673983,303.26328027616626,2.7867511104355213e-10,0.02809203518303449,4.795674776513213e-08,0.22636212319293703,3.431416222097007e-05,2.854566681293826e-07,1.2801156173806865e-06,6.181948412669605e-06,-7.737003863611778e-16,0.7455037317056671
0.02084765625,101325.0,2.3130714614380743,305.1064796288434,7.27928989343096e-10,0.027965025232824684,7.820472159650728e-08,0.22637267963335747,6.34074526262489e-05,5.743683830750883e-07,2.4723537354437185e-06,1.1714982681670022e-05,1.9401686976661522e-15,0.7455840470437468
0.020853515625,101325.0,2.3214743747431346,306.4463823835924,1.376695614296439e-09,0.027885989351159147,1.0164824120254508e-07,0.22637386657609415,8.764122601424203e-05,8.378198359711691e-07,3.4941562797942855e-06,1.6434053363741e-05,2.443606144407627e-15,0.7456316337923697
0.020859375,101325.0,2.332636154873275,308.1892249797148,2.719117538421554e-09,0.02779425846844583,1.3380883299238934e-07,0.22636914610814018,0.00012254345332534446,1.238785339203601e-06,4.9965180353275636e-06,2.3355350765631634e-05,-1.1076334979895765e-15,0.7456843247879591
0.020865234375,101325.0,2.3473932443145675,310.45209179721985,5.651372110425715e-09,0.027688021784927606,1.784413583551061e-07,0.22635482239644764,0.00017263914178226904,1.8566638575898462e-06,7.188366510063262e-06,3.3440617169335486e-05,2.1058291332749283e-15,0.7457418469365711
0.02087109375,101325.0,2.366806143437756,313.38290647050604,1.2222862854452182e-08,0.02756531519333145,2.4134557220244856e-07,0.22632553236938524,0.0002442228903876487,2.8250988336013766e-06,1.035221193903638e-05,4.798670281121757e-05,3.556421292289677e-15,0.745803511964808
0.0208740234375,101325.0,2.378764945994662,315.1690111515476,1.8622762372129044e-08,0.02749696361067425,2.831484978506893e-07,0.2263024115813329,0.0002913614796928954,3.5281284376126855e-06,1.2437633172512201e-05,5.7556182670708145e-05,6.627455732766404e-15,0.7458354396126762
0.020876953125,101325.0,2.3925446835553585,317.2130520917567,2.8282535766757987e-08,0.027423516860847763,3.341449372571995e-07,0.22627158196810881,0.00034834639184919906,4.435425349635253e-06,1.4957935105994234e-05,6.90797642843903e-05,1.0936903379901034e-14,0.7458677192273186
0.0208798828125,101325.0,2.4083910059392344,319.5489996924182,4.289489074370976e-08,0.027344691267522713,3.967209502450162e-07,0.22623133075263122,0.00041707721835472023,5.6125418972425215e-06,1.7987450746762376e-05,8.28459018285119e-05,-2.1698664843142295e-15,0.7459000152510157
0.0208828125,101325.0,2.426573683685894,322.2141498215799,6.495206381300834e-08,0.027260207416839044,4.7397730495278197e-07,0.2261796730645288,0.0004997586089929336,7.147828972162351e-06,2.160665936638577e-05,9.91352527277564e-05,3.720351775653672e-15,0.745931932239397
0.0208857421875,101325.0,2.447385885543382,325.2490370977702,9.808971614550126e-08,0.027169794734506657,5.699481810042244e-07,0.226114342305993,0.0005989253882403404,9.160095749391724e-06,2.5900277180705332e-05,0.00011819257803530935,-4.481858328874165e-15,0.7459630165823279
0.020888671875,101325.0,2.4711421590002423,328.69717431207533,1.4754870321620286e-07,0.027073196617437165,6.898745127412882e-07,0.22603279230258957,0.000717459879440495,1.1808170297477037e-05,3.095457820136193e-05,0.00014018856814815485,-3.064246460805655e-15,0.74599276246043
0.0208916015625,101325.0,2.4981747248407427,332.6045650572293,2.207798767572185e-07,0.02697017597827349,8.405347527100869e-07,0.22593221433884483,0.0008585967878165998,1.530222784091972e-05,3.685412389610999e-05,0.00016517223339584358,5.8320695541023325e-15,0.7460206229960085
0.02089306640625,101325.0,2.513055108193929,334.74915137585504,2.7026701604043426e-07,0.026916160825894365,9.30707549064743e-07,0.2258736158935241,0.0009390322862124557,1.747070287711139e-05,4.0152187031076334e-05,0.0001787425587472828,-3.963470480144964e-15,0.7460336245710226
0.02089453125,101325.0,2.5289201556159697,337.0313604626682,3.3010261181476763e-07,0.026860435143825,1.0324607561735206e-06,0.22580875853310448,0.0010268545649765681,1.9972669908207687e-05,4.370477553481756e-05,0.0001930277353632447,2.6579246301025775e-15,0.7460458840142289
0.02089599609375,101325.0,2.545816854424811,339.45770602477086,4.022768121600856e-07,0.026802977603622755,1.147337513037501e-06,0.22573718399593737,0.001122612194483935,2.2857016212320066e-05,4.752242571700895e-05,0.00020797239874838558,8.699217029000539e-16,0.7460573247510508
0.0208974609375,101325.0,2.563791815741932,342.03465896124953,4.891033382698093e-07,0.026743769393813652,1.2770689888970068e-06,0.22565842266770214,0.0012268725874625846,2.617845021322453e-05,5.161513058640984e-05,0.00022350304535845083,3.2872291279419595e-15,0.7460678725536822
0.02089892578125,101325.0,2.582890836871342,344.76858847747343,5.932590042322783e-07,0.026682794374312424,1.4235889255032282e-06,0.22557199581457857,0.0013402189984243055,2.999768861465587e-05,5.599232261700839e-05,0.00023952722973066338,-1.556606450954468e-14,0.7460774567227935
0.020900390625,101325.0,2.6031584216851567,347.6656974389616,7.178247083090087e-07,0.02662003920923374,1.5890471508498522e-06,0.2254774179278339,0.0014632469393562827,3.438148450641939e-05,6.0662889585169427e-05,0.0002559333601536695,7.593366132936333e-15,0.746086011318872
0.02090185546875,101325.0,2.6246372641625815,350.73195266916616,8.66327129610453e-07,0.026555493471921907,1.7758212291448946e-06,0.22537419911857992,0.0015965600328660286,3.940244789276231e-05,6.563522149183014e-05,0.00027259120948779547,-1.5767414949620033e-14,0.7460934763482987
0.0209033203125,101325.0,2.6473677031331224,353.97301122017024,1.0427801959496457e-06,0.026489149721634478,1.9865259833466604e-06,0.22526184755264728,0.0017407653529627207,4.513860900467263e-05,7.091728346228877e-05,0.00028935323367528047,9.15347078520885e-15,0.7460997989409325
0.02090478515625,101325.0,2.6713871581476973,357.39414398590094,1.2517251171302872e-06,0.0264210035453175,2.224019716151338e-06,0.22513987187613088,0.0018964683328514004,5.167267563623311e-05,7.651670269353241e-05,0.000306056748741536,4.2718597893946794e-15,0.746104934373761
0.020906249999999998,101325.0,2.696729559588247,361.0001583641953,1.4982676369145534e-06,0.026351053566019567,2.491407048432602e-06,0.22500778366186028,0.0020642673516086275,5.9090943436897885e-05,8.244085484500823e-05,0.00032252696579689933,9.525890747756109e-15,0.74610884698277
0.020907714843749994,101325.0,2.7234247877593236,364.7953219791404,1.7881109011910713e-06,0.026279301414437812,2.792037369628166e-06,0.2248650998805913,0.0022447481387749112,6.748182920722067e-05,8.86969289210426e-05,0.0003385808166329735,-5.5685704104411235e-15,0.7461115108425197
0.020909179687499994,101325.0,2.751498137986962,368.7832897195563,2.127582235720991e-06,0.026205751666376273,3.12949883021864e-06,0.22471134546592328,0.002438478160361822,7.69340165333036e-05,9.529194854935356e-05,0.00035403143279202546,1.0579005409475862e-14,0.746112910229326
0.020910644531249994,101325.0,2.780969829427768,372.96703650197156,2.523651984493204e-06,0.026130411746172085,3.507607392012156e-06,0.22454605602808084,0.002646001163634787,8.753422710828451e-05,0.00010223272557712018,0.0003686930679542516,-2.2917092558981044e-15,0.7461130397818151
0.020912109374999995,101325.0,2.8118545759541593,377.34879820047854,2.9839425662086407e-06,0.02605329180196781,3.930391302832911e-06,0.2243687808204939,0.0028678320627962867,9.936466193687239e-05,0.0001095257251524919,0.00038238619010429203,6.8985978696405375e-15,0.7461119044041177
0.020915039062499995,101325.0,2.8778536522923766,386.7061941351183,4.120641111632127e-06,0.025893813592471206,4.921737139686909e-06,0.22397726037156715,0.0033554583948185155,0.00012691625296002289,0.0001251770642444047,0.0004063705200403796,-1.3224447279123118e-14,0.7461059614257048
0.020917968749999995,101325.0,2.9493403688025523,396.83690380745446,5.616555485627585e-06,0.025727474245684466,6.136525700621272e-06,0.22353544158743896,0.0039027783854611105,0.0001599682876503986,0.0001422168995314535,0.00042504970904387037,-2.2453761985431234e-14,0.7460953178039357
0.020920898437499995,101325.0,3.0262027375408054,407.7279095506987,7.55271679835093e-06,0.025554418753838452,7.610169941020574e-06,0.2230409621156499,0.0045120697425889865,0.00019871016645312182,0.00016063431234768842,0.000437833916145131,-2.848908585068562e-14,0.7460802081051867
0.020923828124999995,101325.0,3.108235799692102,419.353569518454,1.0017123041479614e-05,0.02537481649476036,9.378697106792658e-06,0.22249205257880023,0.005184905926801171,0.0002430012156509621,0.00018036656079327174,0.00044455539744978675,-3.972643576374094e-16,0.7460609060054564
0.020926757812499995,101325.0,3.195150673997698,431.6767834297212,1.3102000699893827e-05,0.02518885637850374,1.1478169244398817e-05,0.22188765891609755,0.005922160410679575,0.0002923306407343097,0.0002012799493320769,0.0004454511495566893,-4.932876364392028e-17,0.7460376823850966
0.020929687499999995,101325.0,3.2865881923522986,444.650781632659,1.6900473005028477e-05,0.02499674285596966,1.3944621255300919e-05,0.22122753375402404,0.006724040652589432,0.0003458236441403823,0.00022315646877935167,0.0004410871293483054,-2.5850299500929516e-15,0.7460107704007204
0.020932617187499995,101325.0,3.382135338593985,458.22130082360735,2.150295196003808e-05,0.02479869278680211,1.6814724412244077e-05,0.22051227266939982,0.007590139411736394,0.0004022958017479945,0.0002456905893828735,0.0004322488576697155,-1.6123457545195354e-15,0.745980342206462
0.020935546874999995,101325.0,3.4813426780637005,472.3289045996202,2.6993622634254465e-05,0.024594932922924723,2.01272870718863e-05,0.219743281084064,0.008519494583160415,0.0004603471256990752,0.0002684982449158176,0.00041982636333623094,7.81318647327503e-15,0.7459464987661858
0.020938476562499996,101325.0,3.5837412714799592,486.9112467361563,3.3447370371531215e-05,0.024385697650607677,2.3925574448052022e-05,0.21892267198778667,0.009510654112959585,0.0005184794475483058,0.000291137118747338,0.0004047154453233226,5.092660245378549e-15,0.7459092712923331
0.020941406249999996,101325.0,3.6888580174550683,501.9051344049762,4.0927423855534515e-05,0.024171226657795045,2.8260296168745806e-05,0.218053108164288,0.010561746804002216,0.0005752179030806326,0.00031313486055811984,0.00038774676949069806,-2.0958421369359303e-15,0.7458686311207007
0.020944335937499996,101325.0,3.796228802462897,517.2483060323332,4.9483873014205625e-05,0.023951762312564552,3.319300228361279e-05,0.2171376109174761,0.011670561327781494,0.0006292193120607289,0.0003340205296548107,0.0003696443678694717,-4.472669067007517e-15,0.7458245043574078
0.020947265624999996,101325.0,3.9054091756242397,532.8808834750229,5.9153098421889265e-05,0.023727546696209134,3.8799565663457256e-05,0.2161793592077851,0.012834634640006714,0.0006793554753870012,0.0003533545513855124,0.00035100864687346293,-1.2257516205799095e-14,0.7457767881185771
0.020950195312499996,101325.0,4.015982500059153,548.7464895451315,6.995804156695514e-05,0.023498818378109562,4.517341759609607e-05,0.21518149983338875,0.014051348475763155,0.0007247657317411148,0.0003707534962796655,0.00033231651486943635,-2.67007580839413e-14,0.7457253661101123
0.020953124999999996,101325.0,4.127565688737362,564.793043056927,8.190916760589503e-05,0.02326580911830797,5.242823830827347e-05,0.2141469832043163,0.01531803007138237,0.0007648788057004222,0.00038590753047576385,0.0003139315988227058,-1.751555664178953e-14,0.7456701222647307
0.020956054687499996,101325.0,4.239812738495218,580.9732581376682,9.500592917842058e-05,0.023028740727189193,6.0699871674191875e-05,0.21307843262345685,0.016632051667604394,0.0007994080888439817,0.00039858993861728034,0.00029611922181549123,-1.3565884630276955e-14,0.7456109519312372
0.020958984374999996,101325.0,4.352416347515453,597.2448845998915,0.00010923852929538859,0.022787822307035552,7.014731745109328e-05,0.21197804932417502,0.01799092300969834,0.000828326781950757,0.0004086593472072225,0.00027906270749038486,-8.130522824152631e-15,0.745547770675126
0.020961914062499996,101325.0,4.4651079440168715,613.5707323713349,0.00012458979633804283,0.022543248057928466,8.095273974385701e-05,0.2108475514519599,0.01939237180400229,0.0008518300082878567,0.0004160560347574486,0.00026287908593785605,2.6981980161075267e-15,0.745480521021323
0.020964843749999997,101325.0,4.577656469009265,629.9185254395505,0.00014103701605496692,0.02229519576986174,9.332050722502035e-05,0.2096881427821977,0.02083440851277665,0.000870290520159919,0.0004207940238030702,0.0002476332690901294,-7.658573222197038e-15,0.7454091775976462
0.020967773437499997,101325.0,4.689866245736157,646.2606297549042,0.0001585536053327623,0.02204382605715109,0.00010747534229429956,0.2085005059271594,0.022315373533717445,0.0008842134353109814,0.0004229506142247886,0.00023335033629818579,1.8898469727765595e-14,0.7453337511487591
0.020970703124999997,101325.0,4.8015742372648935,662.5736956894227,0.00017711055317149845,0.021789282328979236,0.00012365970085236462,0.20728481467370477,0.023833966371841393,0.0008941939668175422,0.00042265477051339843,0.00022002587395891156,1.167877265990918e-14,0.7452542917613125
0.020973632812499997,101325.0,4.9126469496690355,678.8382498846378,0.00019667759072654898,0.021531691444191196,0.0001421305336022827,0.2060407605833329,0.025389257667921463,0.0009008806539437954,0.0004200754386499488,0.00020763447437129593,-1.9082185196362783e-14,0.7451708916125671
0.020976562499999997,101325.0,5.022977186709676,695.0382645895917,0.0002172240815112308,0.021271164963394724,0.00016315559441314645,0.20476758969964318,0.02698068580589965,0.0009049453443936025,0.000415410522876252,0.00019613659933153267,-7.520883006561336e-15,0.7450836873886161
0.020982421874999997,101325.0,5.2411945854476265,727.2103046507356,0.00026114371599870827,0.02074161697696627,0.00021362961821665862,0.2021308700653646,0.03027075674269317,0.0009072723777058972,0.0004005177136208806,0.00017565451812325483,-3.628057053420413e-14,0.7448985382701858
0.020988281249999997,101325.0,5.455772275456185,759.0164877585034,0.00030858461025823873,0.02020150355776183,0.0002770135901999411,0.19936820722625043,0.033699072488240146,0.0009067385725736692,0.00038037556199934,0.00015806467329084964,-1.4546517121989186e-14,0.7447004397182757
0.020994140624999998,101325.0,5.666530406524828,790.4184861608968,0.0003593282002038098,0.019651347688277903,0.00035519599496066235,0.1964649319529731,0.03727049770318001,0.0009075335962985972,0.00035676270497359816,0.00014296430157567988,1.276631056140891e-14,0.7444914378600767
0.020997070312499998,101325.0,5.770450983237297,805.9590194178348,0.0003858659692239459,0.019372688194631824,0.0004004794817035109,0.19495413710908654,0.03911280762002832,0.0009097697937208534,0.00034426264687945144,0.00013620749839387004,-3.275045597146551e-14,0.744383781685337
0.020999999999999998,101325.0,5.873393748432276,821.388596220107,0.00041315878153910796,0.019091686016778468,0.00045020850671966965,0.19339954767185855,0.040995593221401595,0.0009137002763670893,0.00033146984253094777,0.00012994187978059962,-5.13134492355028e-15,0.744274693805768
0.021002929687499998,101325.0,5.975368614709057,836.7063143683872,0.00044117874408978406,0.01880842231011311,0.0005045412416031459,0.1917988119821007,0.04291996740228235,0.0009197089710088242,0.00031856293969092895,0.00012411818990358628,-5.604803304090493e-14,0.7441646882169448
0.021005859374999998,101325.0,6.076394259412567,851.9124556920694,0.00046989870596479146,0.018522973414490308,0.0005636143391733091,0.19014953952370267,0.04488712672193479,0.0009281461572688961,0.00030570388141851657,0.00011869415093911708,-4.7350448416394285e-15,0.74405430310485
0.02101171875,101325.0,6.275700130858538,881.9962963157723,0.0005293443572455294,0.017945776090116584,0.0006962289446824899,0.18669916911208975,0.04895263696547114,0.0009532247443011254,0.00028056042155521257,0.00010892152046112913,-1.464192595733416e-14,0.743834137843707
0.021017578125,101325.0,6.4715481329615265,911.6572817385817,0.0005911968792449441,0.01736112898148766,0.0008479642328892076,0.18304167828636753,0.053192192038493916,0.0009909225558929204,0.00025705426776792984,0.00010034237236188393,-2.19351143226898e-14,0.743617520385113
0.0210234375,101325.0,6.66412056838485,940.9025007495836,0.00065517603638844,0.016770109478061925,0.0010186910256167045,0.1791673028546785,0.05760863316150444,0.0010428719452747809,0.00023584027706459711,9.276539458228758e-05,-2.9709404822703524e-14,0.7434086098259203
0.021029296875,101325.0,6.853594287735557,969.7385029616831,0.0007209628284164184,0.016174044023986964,0.0012077507646927335,0.17507099684786143,0.06220098989933607,0.0011103527270188045,0.00021734271422347402,8.602611598124739e-05,-1.853876775247163e-14,0.7432115340780355
0.02103515625,101325.0,7.040128398770631,998.1700075007105,0.0007881957037061274,0.01557452085352977,0.0014139717286676577,0.17075319554477528,0.06696382140080023,0.0011943141780529467,0.00020177651892278883,7.998940051902941e-05,-2.3401277711295113e-14,0.7430302146702226
0.021041015625,101325.0,7.223686015657307,1026.1750326508213,0.0008564704802838545,0.014973382076592514,0.001635702785478932,0.1662202919604878,0.07188685766555952,0.0012953849702155085,0.00018917024818779527,7.45488784298312e-05,-1.540079954926179e-14,0.7428681909349251
0.021046875,101325.0,7.404094064978755,1053.7135967804556,0.000925344357177829,0.014372696619225344,0.001870873026930119,0.16148478944643513,0.07695495414728451,0.0014138720403817171,0.00017938855119405283,6.962002841853463e-05,-4.200368486132392e-14,0.74272846178166
0.021052734375,101325.0,7.581313843883663,1080.7664921130915,0.0009943420494851606,0.013774727395156672,0.002117071368381458,0.15656518245891,0.08214824865691346,0.0015497691577668576,0.00017215424547562438,6.513163909630566e-05,-1.9869325145392978e-14,0.7426133730287285
0.02105859375,101325.0,7.755269170728471,1107.3112148608438,0.0010629637114194937,0.013181889172105627,0.002371626429101604,0.15148557056484213,0.08744253597072359,0.0017027749728295058,0.00016707232073556253,6.1026585070881325e-05,-3.7472318160711965e-14,0.7425245402723293
0.021064453125,101325.0,7.925851461148633,1133.3228632156158,0.001130695524235234,0.012596691848108195,0.002631695385211282,0.14627497239710377,0.09280990300442245,0.001872317843267754,0.00016365710353522146,5.7259772020607675e-05,-3.082566248163917e-14,0.7424628071214745
0.0210703125,101325.0,8.092926231315488,1158.7751504059695,0.0011970217101704803,0.0120216770811933,0.0028943567244480144,0.14096641297415508,0.09821954128902785,0.002057585850277116,0.00016136496447280216,5.3795860150089056e-05,-3.1082261286019515e-14,0.7424282435451875
0.021076171875,101325.0,8.256340586146806,1183.6414700539094,0.001261437206206455,0.011459351893900625,0.0031567029067710657,0.1355958427483828,0.10363868250118953,0.002257560504645715,0.00015963388880125932,5.06070674311463e-05,-2.126705453656124e-14,0.7424201812822571
0.02108203125,101325.0,8.415931262275453,1207.8959589083654,0.0013234602229374723,0.01091212296747996,0.0034159286397218605,0.13020095768058898,0.10903359804262251,0.002471051898290056,0.00015792900499313848,4.767109589884851e-05,-2.702857341580957e-14,0.7424372804470739
0.021087890625,101325.0,8.571532797648693,1231.5145069990342,0.0013826439689096598,0.010382235157335308,0.0036694104617771483,0.12481999474788327,0.11437060359711891,0.002696733101307317,0.00015579006822537633,4.4969266565882516e-05,-3.408182889820409e-14,0.7424776196303196
0.021093749999999998,101325.0,8.722985396313181,1254.475667839165,0.001438586929770787,0.00987171731700952,0.003914773666505273,0.11949057600782907,0.11961701385901256,0.0029331723651425273,0.00015287394713658909,4.248500846078316e-05,-3.694220570957178e-14,0.7425388008980651
0.021099609374999995,101325.0,8.870142056848227,1276.7614228837929,0.0014909412393438108,0.009382337864729392,0.004149943282320299,0.11424866689141466,0.12474200026841112,0.0031788627286895637,0.0001489837893722771,4.0202855291100204e-05,-2.382276646153951e-14,0.742618061080324
0.021105468749999995,101325.0,9.012874549583762,1298.3577578874476,0.0015394188468449272,0.008915571735513442,0.00437317673140969,0.10912770179508885,0.1297173143446766,0.0034322493557524566,0.00014407796533812928,3.810803265299212e-05,-3.960506125476618e-14,0.7427123811925546
0.021111328124999995,101325.0,9.151077880474599,1319.2550174928388,0.001583795352289098,0.008472579517075697,0.004583076734612315,0.10415791409971958,0.1345178499488039,0.003691754915309651,0.00013825639644376628,3.618656299478487e-05,-5.552234838872283e-14,0.7428185864712126
0.021117187499999995,101325.0,9.28467298280548,1339.4480207702406,0.001623911535464777,0.008054198747993927,0.004778583776899854,0.0993658908343924,0.13912202869994994,0.00395580252586983,0.00013172847135293017,3.4425385850069164e-05,-3.051772033566186e-14,0.7429334300213355
0.021128906249999996,101325.0,9.538024995068566,1377.7367072671068,0.0016911665928957514,0.007292257634808803,0.005124459699065077,0.09037834675086456,0.14769317497529066,0.004492953592357816,0.00011739422812994738,3.133462896462019e-05,-3.0296154650985884e-14,0.7431789118970423
0.021140624999999996,101325.0,9.774083432438387,1413.42320807232,0.0017412592150913022,0.006629038457142555,0.0054108384224721435,0.08224626687887525,0.1553759452299976,0.005031959062323063,0.00010316478689930524,2.875196725797408e-05,-4.901150118224537e-14,0.7434327759788738
0.021152343749999997,101325.0,9.993444966819068,1446.6274178843205,0.001774993507226187,0.006060928313003865,0.005639745063909619,0.07501502914658549,0.16214735598079785,0.005563580909677987,9.021973064815831e-05,2.6623721288825385e-05,-4.375380368267388e-14,0.7436815236256704
0.021164062499999997,101325.0,10.197002026237566,1477.5053730313498,0.0017937849602140327,0.005581240736942571,0.0058158256207015745,0.06867906103774957,0.16803085244173893,0.006079675880977555,7.900976394629858e-05,2.4900805629493844e-05,-2.960850011353663e-14,0.74391564875119
0.021175781249999998,101325.0,10.385827897411488,1506.2321575823992,0.0017994367641639387,0.0051812959618118834,0.005945123949368949,0.06319475041878121,0.1730836154214622,0.006573497078665132,6.950681484825474e-05,2.3531605478683933e-05,-2.862084518984703e-14,0.744129241984756
0.021187499999999998,101325.0,10.561077235469511,1532.9882280307943,0.0017939348180389554,0.004851410179271773,0.0060341079002636105,0.058493492084006046,0.1773839892228986,0.0070398316448738365,6.148885491970986e-05,2.246149175212609e-05,-4.112344661943733e-14,0.7443192838029443
0.02119921875,101325.0,10.72390865443086,1557.949421261695,0.0017792807614853317,0.0045817026731267176,0.006089016357290226,0.0544931270097277,0.18102062870685307,0.007475036719701539,5.4702200965790625e-05,2.1636284314421006e-05,-3.6010712707287425e-14,0.7444848692859589
0.0212109375,101325.0,10.875429632501602,1581.2802897261424,0.0017573707210067084,0.004362686809411296,0.0061154994163415705,0.051106969399513986,0.18408409566818035,0.007876958039090626,4.892254787652724e-05,2.1005732413814086e-05,-5.5391607140137365e-14,0.7446264916652005
0.02122265625,101325.0,11.016660983286197,1603.1301911597684,0.001729918553597015,0.004185652539824459,0.006118471029798952,0.04825031734603083,0.18666100041170428,0.008244716426337262,4.396729998215895e-05,2.0525561428965036e-05,-5.796353471521455e-14,0.7447454308300308
0.021234375,101325.0,11.148517333225739,1623.6315841884275,0.0016984172571166858,0.004042871611670102,0.006102081286307569,0.04584478030806972,0.18883042154283633,0.008578342325183657,3.968997405428034e-05,2.0157781636260826e-05,-4.4533690207078946e-14,0.7448432379121196
0.0212578125,101325.0,11.386717323966685,1660.9636838492777,0.0016270689433864052,0.003839631693286641,0.006021574134871297,0.042173459006799495,0.19216158608395864,0.009144759553604493,3.275039560703864e-05,1.965864359777293e-05,-4.988749177731205e-14,0.7449795115437271
0.021281249999999998,101325.0,11.599361637706899,1694.5532544889115,0.0015518395034473632,0.003704436183493057,0.0059001406748835535,0.039461063651661084,0.19465976184617795,0.009603070368727963,2.738646873103546e-05,1.930956434705034e-05,-4.130185040711592e-14,0.7450729917375063
0.021304687499999996,101325.0,11.790735495526572,1725.004016225591,0.0014770076207952976,0.0036115253956311723,0.005752445555575368,0.03740348163430957,0.1966062292032361,0.00997096851485173,2.3185628186112245e-05,1.9024296425791973e-05,-4.2964189750119805e-14,0.7451361321499913
0.021328124999999996,101325.0,11.964177677924885,1752.7853458624704,0.0014049870457197202,0.003544260160294072,0.005589591792545704,0.03579052153410014,0.1981885291525993,0.010265088540924932,1.9854815218007347e-05,1.8756815901712994e-05,-4.835096743079353e-14,0.7451784101415909
0.021351562499999997,101325.0,12.1222939242448,1778.2646361928566,0.0013369834496799703,0.0034922341021999446,0.00541961308188974,0.034481060275120635,0.19952808003402783,0.010499741650619886,1.718378338110582e-05,1.8485849811395827e-05,-4.514865271108812e-14,0.7452066177720561
0.021374999999999998,101325.0,12.267124681081075,1801.7314937273145,0.0012734703030115458,0.0034490953077761237,0.005248094513268118,0.03338199947203801,0.2007021249501336,0.010686573111134466,1.5019029846190641e-05,1.8203588317317123e-05,-2.929237528637584e-14,0.745225419723692
0.0213984375,101325.0,12.40026540349709,1823.414427364876,0.0012145041027565955,0.0034110410913180235,0.005078778123860013,0.03243251070133392,0.2017593543818101,0.01083475440623243,1.3247124920894069e-05,1.7908999274642442e-05,-4.980648872736328e-14,0.7452379010674146
0.021421875,101325.0,12.522945549916827,1843.4913617397076,0.0011599201534672615,0.0033758342075263224,0.004914114251757866,0.03159299883207278,0.20273031467126765,0.010951416011251146,1.1783584546875682e-05,1.760427743374997e-05,-5.0050031756639666e-14,0.745246014009549
0.021468749999999998,101325.0,12.739861819288608,1879.251808359844,0.0010629886374423163,0.0033100711498761227,0.004603674549939337,0.030164662984766326,0.20447148409603227,0.011107865461127847,9.544522907504483e-06,1.6975557442881652e-05,-3.641416652385595e-14,0.7452527330394927
0.021515624999999997,101325.0,12.930051420476499,1910.8124324131063,0.0009792977859525173,0.0032466419758850873,0.004319307809460051,0.028928580955689807,0.20604866266804397,0.011197593958850158,7.91332935836207e-06,1.633150161821613e-05,-4.079435906688326e-14,0.7452556700142411
0.0215625,101325.0,13.09833718813009,1938.900686047282,0.0009065821967758306,0.003184650857501761,0.004060702531336648,0.02783285878719924,0.20749725777621963,0.011238835953941395,6.689185050242503e-06,1.5686705742658614e-05,-6.328689358617101e-14,0.7452567360049758
0.021609375,101325.0,13.24836389671785,1964.0720882522085,0.0008429754077514319,0.0031240538599344994,0.0038260993659669246,0.026847460557132826,0.20883747839615352,0.011244253058420948,5.746990651406491e-06,1.5052022178292803e-05,-3.714001308950208e-14,0.7452568803408283
0.02165625,101325.0,13.382922536444507,1986.756145677596,0.000786982214212765,0.003065026434135254,0.003613305254084832,0.025953254676957884,0.2100825405927464,0.011222845466214833,5.006089850991367e-06,1.4435031571772467e-05,-4.020547245884073e-14,0.7452566042393185
0.021703124999999997,101325.0,13.504136753051096,2007.283111939191,0.0007374129647532224,0.0030077518502406907,0.00342014434796745,0.02513725546598857,0.2112418564657252,0.011181158690479432,4.412916850847525e-06,1.3841039460200148e-05,-6.055460699035062e-14,0.7452561662573611
0.02175,101325.0,13.613542395067638,2025.8956918617655,0.0006933185694364027,0.0029523687323801673,0.0032446749750820684,0.024390832245034723,0.2123219711479053,0.01112404532861822,3.9311069052973e-06,1.3274217512799952e-05,-4.848219701343214e-14,0.7452555836760671
0.02184375,101325.0,13.799837748579353,2057.84635200683,0.0006191205473052002,0.00284771285842991,0.002942257343456253,0.02309240657893114,0.21425180721164475,0.010978138162126701,3.21090884958857e-06,1.2239745934520716e-05,-5.713848532821141e-14,0.7452531066421553
0.0219375,101325.0,13.958109789693406,2085.159862324278,0.0005580985238155242,0.002750492747956272,0.002686299291364544,0.02196489933224784,0.2159672953960212,0.010808276884302427,2.6902021930792763e-06,1.1305025468076262e-05,-4.0582858546786553e-14,0.7452506425956369
0.02203125,101325.0,14.094174632634422,2108.7683455464457,0.0005072192894427117,0.0026604785738434636,0.002467957765855893,0.020975983691098734,0.2175010368307566,0.010626259833991566,2.3003071760576393e-06,1.0466381274781317e-05,-5.897204058306382e-14,0.7452482973254038
0.022125,101325.0,14.212317092873274,2129.364225871218,0.0004643026970526764,0.002577278885846328,0.002280303646488934,0.020101454977887838,0.21887900578456526,0.010439782106197016,2.000029862527645e-06,9.717228916096675e-06,-4.975196721667286e-14,0.7452461546420968
0.02221875,101325.0,14.315705050923878,2147.4639424634815,0.0004277530735273348,0.002500446735984167,0.0021179692264901386,0.019323104674181652,0.22012176984416215,0.010253828662943686,1.7634629196420321e-06,9.049838712934774e-06,-4.994609244921775e-14,0.7452443144799931
0.0223125,101325.0,14.406544816928891,2163.4333272803133,0.0003963911179725227,0.0024295424295755447,0.001976855666085761,0.01862823128898788,0.22124445713133783,0.01007166054583419,1.5738271306109427e-06,8.457023647504313e-06,-5.100095848440073e-14,0.7452428309683364
0.0225,101325.0,14.55377346667766,2189.5480817189136,0.0003464494265262502,0.002304646409803365,0.0017494539962716106,0.017474355149055116,0.2231450057229229,0.009731363473234085,1.2972996581423262e-06,7.484135216906093e-06,-5.1498436193768724e-14,0.7452399443862088
0.0226875,101325.0,14.674165964532,2211.02193982742,0.0003073218267683074,0.002195847987234991,0.0015681882839963545,0.016509261877648628,0.22475850854423882,0.009415561781094995,1.0991156932527958e-06,6.694347527048333e-06,-4.5887140005844997e-14,0.7452375162347422
0.022875,101325.0,14.774303860161709,2228.9655902731347,0.0002760329477822223,0.0021005567387061223,0.0014212684898847981,0.015690463174263074,0.22614329468070413,0.009125922627493368,9.515706527908987e-07,6.048550053310591e-06,-5.5131383373209095e-14,0.7452354612193356
0.0230625,101325.0,14.85877294048467,2244.15805976405,0.0002505909075151452,0.0020167191741921682,0.0013004676678211322,0.014987701604314757,0.22734247597463136,0.008861950007029912,8.383916088726771e-07,5.516278176128284e-06,-4.63593029016918e-14,0.7452337399936417
0.02325,101325.0,14.930693794544995,2257.1343690748126,0.00022964345216576492,0.001942771009516883,0.0012000693957998855,0.01437997893539389,0.22838684113490934,0.008622463493981398,7.496085497511314e-07,5.074754135409241e-06,-4.7563865842007934e-14,0.7452324082144751
0.023625,101325.0,15.04095580356736,2277.1934932185054,0.00019837369624439355,0.001821760622388338,0.0010492222320024572,0.013426817205209622,0.23004632723043922,0.008222029971127986,6.250182445606033e-07,4.417992714831558e-06,-5.422066992076406e-14,0.7452304260305181
0.024,101325.0,15.127190221871722,2292.942900519754,0.00017515740462756524,0.0017229443714358167,0.0009358643638279107,0.012666005333540878,0.2313817739354334,0.007884823025794465,5.377181508090849e-07,3.931033006191597e-06,-5.226726596739879e-14,0.7452289628130819
0.02475,101325.0,15.24358375639172,2314.3845609151213,0.00014520727958670316,0.0015802624785189552,0.0007885145175336571,0.011611615628190642,0.23325453540453028,0.007388812316669465,4.320930697019617e-07,3.312509619262522e-06,-4.819952321261454e-14,0.7452273077712029
0.025500000000000002,101325.0,15.3257057037222,2329.5765833281475,0.0001254461458646294,0.0014749780708464813,0.0006901636258136769,0.010850534389989258,0.23461521903426052,0.0070141950954515754,3.661809988923198e-07,2.9105953579567077e-06,-5.287180186505154e-14,0.7452261868603139
0.026250000000000002,101325.0,15.385692401291166,2340.7072690168307,0.00011176618886078676,0.0013955125312246075,0.0006215514237988916,0.010284409311422563,0.23563072015503597,0.006727685792530009,3.223034630196564e-07,2.6364894612792946e-06,-5.075343641098465e-14,0.7452253958031104
0.027,101325.0,15.430620316292137,2349.0598173851245,0.00010196179354153317,0.0013346011657503645,0.0005720907331454603,0.009854231842318713,0.23640337739424,0.006506170935603755,2.917261059789201e-07,2.4424087499121033e-06,-5.0267758627263604e-14,0.7452248319994546
0.028499999999999998,101325.0,15.486532963984278,2359.50774292969,9.018166084192468e-05,0.0012559398413245952,0.0005125161636115854,0.009309669712454251,0.2373850577074722,0.006219884321123856,2.560898485169138e-07,2.2131222040401546e-06,-5.191826512105348e-14,0.7452242813800208
0.03,101325.0,15.522536762257664,2366.247881113206,8.292692933034434e-05,0.0012041979470340544,0.000475649447398896,0.008954137930620365,0.23802611197706675,0.006030727461393511,2.3466337070853761e-07,2.073538799656607e-06,-5.0205260940034274e-14,0.7452239401038963
0.0315,101325.0,15.546273659743314,2370.697004576455,7.828895990726393e-05,0.0011695934433349879,0.00045201574700467356,0.00871740985505406,0.23845270219375733,0.0059040612266304205,2.2117757061826102e-07,1.984954243636122e-06,-5.1626039292262297e-14,0.7452237224414003
0.033,101325.0,15.562167964576426,2373.6787815047264,7.524790959075862e-05,0.0011461907535284298,0.0004364936176635636,0.008557780854838432,0.2387401802295068,0.005818383150246563,2.1242654498363886e-07,1.927140987559704e-06,-5.1331407540736774e-14,0.7452235839159977
0.036,101325.0,15.578441734651404,2376.742185522696,7.216177600741024e-05,0.0011217590222079956,0.0004207559116342362,0.00839309945651756,0.2390373429113754,0.005729324203798472,2.036468047428587e-07,1.8688960419053035e-06,-5.163751236833457e-14,0.7452234841745157
0.041999999999999996,101325.0,15.589851339029774,2378.8942056417577,7.002241962576625e-05,0.0011044125204495159,0.00040984539961725047,0.00827696272782449,0.23924706090895306,0.005666238923635494,1.9761284825625445e-07,1.828709489404114e-06,-5.0435384480572734e-14,0.7452234307764659
0.048,101325.0,15.593901017956993,2379.6581075039335,6.927049335525184e-05,0.0010982377303160248,0.0004060075240585952,0.008235628268506497,0.23932165191899119,0.005643782655171046,1.9549993891799653e-07,1.8146012942867511e-06,-5.095032694975843e-14,0.7452234113072749
0.06,101325.0,15.593901017971685,2379.6581075039335,6.927049335525183e-05,0.0010982377303160248,0.0004060075240585952,0.008235628268506497,0.23932165191899119,0.005643782655171046,1.9549993891799653e-07,1.8146012942867511e-06,-5.0950326949758924e-14,0.7452234113084036
